timestamp,sleep,chunk,total,exec,per Sec
20240415_192225,5,1,49,4.088272615273794,0.19975836826918014
20240416_080848,5,1,49,4.087680542469025,0.19978730191410382
20240416_082429,5,1,100,8.341683216889699,0.1997998033888542
20240416_083857,5,1,100,8.340924016634624,0.19981798939095594
20240416_084616,3,1,100,5.007572384675344,0.3328292710789685
20240416_085204,1,1,100,1.6745696147282918,0.9952806094221962
20240416_085442,1,1,100,1.674289099375407,0.9954473616822902
20240416_090346,1,1,100,1.675713829199473,0.9946010098053983
20240416_091555,1,1,9,0.15073756376902261,0.9951069676955056
20240416_092226,5,1,0,0.8347265799840291,0.0
